candidato,origen_paquete,familia,criterio,estado_fuente,senal_fallo,fuente_ficha,fuente_seccion,fuente_cita,convencion_a,observacion
_delete_copper (núcleo borrado cobre),original,S,S1,no_cumple,1,01-delete-copper.md,S1,Los 4 destinos de d2 son helpers de fan-in alto compartido; ninguno se propone mover junto con K,no,
_delete_copper (núcleo borrado cobre),original,S,S2,cumple,0,01-delete-copper.md,S2,Reexports: 0 nuevos necesarios (d4=0),no,
_delete_copper (núcleo borrado cobre),original,S,S3,no_determinante,,01-delete-copper.md,S3,"S3.c = moderada, sin la mitigación de S1/S8 no hay justificación de alta evitable",no,
_delete_copper (núcleo borrado cobre),original,S,S4,no_determinante,,01-delete-copper.md,S4,COBERTURA_INFERIDA para _match_copper/tolerancia; REFERENCIADA/DEMOSTRADA parcial para el camino feliz,no,
_delete_copper (núcleo borrado cobre),original,S,S5,cumple,0,01-delete-copper.md,S5,Fuera de zonas prohibidas: cumple (F-DT.1 ya lo dejó pasar),no,
_delete_copper (núcleo borrado cobre),original,S,S6,no_evaluado_o_na,,01-delete-copper.md,S6,REFERENCIA_EXISTENTE (sin relación directa) con P1-2/DT3,no,
_delete_copper (núcleo borrado cobre),original,S,S7,cumple,0,01-delete-copper.md,S7,S7.a 149>=80 SÍ; S7.c 188>=100 SÍ (S7.b NO),no,
_delete_copper (núcleo borrado cobre),original,S,S8,no_determinante,,01-delete-copper.md,S8,Bajo Opción A no llega a evaluarse con sentido; bajo Opción B S8 falla (d1 empeora 1→4),no,
_delete_copper (núcleo borrado cobre),original,R,R1,no_activado,0,01-delete-copper.md,R activados,R1 no (bridge sí es inyectable/ya lo es en el patrón register_x existente),no,
_delete_copper (núcleo borrado cobre),original,R,R2,no_evaluado_o_na,,01-delete-copper.md,(ninguna),ausencia declarada,no,
_delete_copper (núcleo borrado cobre),original,R,R3,no_evaluado_o_na,,01-delete-copper.md,(ninguna),ausencia declarada,no,
_delete_copper (núcleo borrado cobre),original,R,R4,no_evaluado_o_na,,01-delete-copper.md,(ninguna),ausencia declarada,no,
_delete_copper (núcleo borrado cobre),original,R,R5,no_evaluado_o_na,,01-delete-copper.md,(ninguna),ausencia declarada,no,
_delete_copper (núcleo borrado cobre),original,R,R6,no_evaluado_o_na,,01-delete-copper.md,(ninguna),ausencia declarada,no,
_delete_copper (núcleo borrado cobre),original,R,R7,no_evaluado_o_na,,01-delete-copper.md,(ninguna),ausencia declarada,no,
_delete_copper (núcleo borrado cobre),original,R,R8,no_evaluado_o_na,,01-delete-copper.md,(ninguna),ausencia declarada,no,
_delete_copper (núcleo borrado cobre),original,R,R9,no_evaluado_o_na,,01-delete-copper.md,(ninguna),ausencia declarada,no,
_delete_copper (núcleo borrado cobre),original,R,R10,no_evaluado_o_na,,01-delete-copper.md,(ninguna),ausencia declarada,no,
_delete_copper (núcleo borrado cobre),original,R,R11,activado,1,01-delete-copper.md,R activados,"R11 aplicable bajo Opción B — S7 se satisface, M2 no domina (de hecho empeora)",no,condicionado a Opción B
_delete_copper (núcleo borrado cobre),original,R,R12,activado,1,01-delete-copper.md,R activados,R12 SÍ bajo Opción A — introduce ciclos de import (S1 refutada),no,condicionado a Ruta/Opción A
_delete_copper (núcleo borrado cobre),original,R,R13,no_evaluado_o_na,,01-delete-copper.md,(ninguna),ausencia declarada,no,
_delete_copper (núcleo borrado cobre),original,R,R14,no_evaluado_o_na,,01-delete-copper.md,(ninguna),ausencia declarada,no,
_audit_error,original,S,S1,cumple,0,02-audit-error.md,S1,d2=0: no hay ninguna arista saliente de K hacia V\K. S1(b),no,
_audit_error,original,S,S2,cumple,0,02-audit-error.md,S2,"Con d4=1 y 11 consumidores se necesita 1 reexport, bajo UMBRAL_R7_REEXPORTS=3",no,
_audit_error,original,S,S3,cumple,0,02-audit-error.md,S3,"Función pura top-level, patrón idéntico a DT1 Slice 1. S3.c = simple",no,
_audit_error,original,S,S4,no_determinante,,02-audit-error.md,S4,COBERTURA_INFERIDA; nunca se asertan sus campos directamente en un test dedicado,no,
_audit_error,original,S,S5,cumple,0,02-audit-error.md,S5,S5 cumple,no,
_audit_error,original,S,S6,no_evaluado_o_na,,02-audit-error.md,S6,REFERENCIA_EXISTENTE (sin relación con P1-2/DT3; formateo de auditoría),no,
_audit_error,original,S,S7,no_cumple,1,02-audit-error.md,S7,"S7 NO cumple ninguna cuantitativa (0<80, 0<3, 8<100)",no,
_audit_error,original,S,S8,cumple,0,02-audit-error.md,S8,M2 no empeora bajo diseño mínimo (cumple trivialmente por igualdad) pero no domina,no,
_audit_error,original,R,R1,no_evaluado_o_na,,02-audit-error.md,(ninguna),ausencia declarada,no,
_audit_error,original,R,R2,no_evaluado_o_na,,02-audit-error.md,(ninguna),ausencia declarada,no,
_audit_error,original,R,R3,no_evaluado_o_na,,02-audit-error.md,(ninguna),ausencia declarada,no,
_audit_error,original,R,R4,no_evaluado_o_na,,02-audit-error.md,(ninguna),ausencia declarada,no,
_audit_error,original,R,R5,no_evaluado_o_na,,02-audit-error.md,(ninguna),ausencia declarada,no,
_audit_error,original,R,R6,no_evaluado_o_na,,02-audit-error.md,(ninguna),ausencia declarada,no,
_audit_error,original,R,R7,no_activado,0,02-audit-error.md,S2,R7 no se activa,no,
_audit_error,original,R,R8,no_evaluado_o_na,,02-audit-error.md,(ninguna),ausencia declarada,no,
_audit_error,original,R,R9,no_evaluado_o_na,,02-audit-error.md,(ninguna),ausencia declarada,no,
_audit_error,original,R,R10,no_evaluado_o_na,,02-audit-error.md,(ninguna),ausencia declarada,no,
_audit_error,original,R,R11,activado,1,02-audit-error.md,R activados,"R11 (beneficio marginal — S7 no se satisface por ninguna vía cuantitativa, S7.d no demostrable)",no,
_audit_error,original,R,R12,no_evaluado_o_na,,02-audit-error.md,(ninguna),ausencia declarada,no,
_audit_error,original,R,R13,no_evaluado_o_na,,02-audit-error.md,(ninguna),ausencia declarada,no,
_audit_error,original,R,R14,no_evaluado_o_na,,02-audit-error.md,(ninguna),ausencia declarada,no,
get_footprint_neighbors (vecindad geométrica),original,S,S1,no_cumple,1,03-get-footprint-neighbors.md,S1,"_copper_distance_to_bbox llama a _segment_intersects_bbox, que no forma parte de K",no,
get_footprint_neighbors (vecindad geométrica),original,S,S2,cumple,0,03-get-footprint-neighbors.md,S2,"S2 — cumple (0 reexports nuevos, d4=0)",no,
get_footprint_neighbors (vecindad geométrica),original,S,S3,no_determinante,,03-get-footprint-neighbors.md,S3,"S3 — moderada (1 closure + 4 helpers, mismo patrón que ficha 1)",no,
get_footprint_neighbors (vecindad geométrica),original,S,S4,cumple,0,03-get-footprint-neighbors.md,S4,COBERTURA_DEMOSTRADA razonable para la superficie del tool (test_get_footprint_neighbors_closest_edge asertado),no,
get_footprint_neighbors (vecindad geométrica),original,S,S5,cumple,0,03-get-footprint-neighbors.md,S5,S5 — cumple,no,
get_footprint_neighbors (vecindad geométrica),original,S,S6,no_evaluado_o_na,,03-get-footprint-neighbors.md,S6,"REFERENCIA_EXISTENTE; DT3 acotada a geometría dentro de bridge/, este cluster vive en tools/pcb.py",no,
get_footprint_neighbors (vecindad geométrica),original,S,S7,cumple,0,03-get-footprint-neighbors.md,S7,S7.a 144>=80 SÍ; S7.c 207>=100 SÍ,no,
get_footprint_neighbors (vecindad geométrica),original,S,S8,no_determinante,,03-get-footprint-neighbors.md,S8,S8 falla bajo Opción B; no evaluable con sentido bajo Opción A (S1 ya refutada),no,
get_footprint_neighbors (vecindad geométrica),original,R,R1,no_evaluado_o_na,,03-get-footprint-neighbors.md,(ninguna),ausencia declarada,no,
get_footprint_neighbors (vecindad geométrica),original,R,R2,no_evaluado_o_na,,03-get-footprint-neighbors.md,(ninguna),ausencia declarada,no,
get_footprint_neighbors (vecindad geométrica),original,R,R3,no_evaluado_o_na,,03-get-footprint-neighbors.md,(ninguna),ausencia declarada,no,
get_footprint_neighbors (vecindad geométrica),original,R,R4,no_evaluado_o_na,,03-get-footprint-neighbors.md,(ninguna),ausencia declarada,no,
get_footprint_neighbors (vecindad geométrica),original,R,R5,no_evaluado_o_na,,03-get-footprint-neighbors.md,(ninguna),ausencia declarada,no,
get_footprint_neighbors (vecindad geométrica),original,R,R6,no_evaluado_o_na,,03-get-footprint-neighbors.md,(ninguna),ausencia declarada,no,
get_footprint_neighbors (vecindad geométrica),original,R,R7,no_evaluado_o_na,,03-get-footprint-neighbors.md,(ninguna),ausencia declarada,no,
get_footprint_neighbors (vecindad geométrica),original,R,R8,no_evaluado_o_na,,03-get-footprint-neighbors.md,(ninguna),ausencia declarada,no,
get_footprint_neighbors (vecindad geométrica),original,R,R9,no_evaluado_o_na,,03-get-footprint-neighbors.md,(ninguna),ausencia declarada,no,
get_footprint_neighbors (vecindad geométrica),original,R,R10,no_evaluado_o_na,,03-get-footprint-neighbors.md,(ninguna),ausencia declarada,no,
get_footprint_neighbors (vecindad geométrica),original,R,R11,no_evaluado_o_na,,03-get-footprint-neighbors.md,(ninguna),ausencia declarada,no,
get_footprint_neighbors (vecindad geométrica),original,R,R12,activado,1,03-get-footprint-neighbors.md,R activados,R12 (Opción A) o S8 directa (Opción B),no,condicionado a Opción A
get_footprint_neighbors (vecindad geométrica),original,R,R13,no_evaluado_o_na,,03-get-footprint-neighbors.md,(ninguna),ausencia declarada,no,
get_footprint_neighbors (vecindad geométrica),original,R,R14,no_evaluado_o_na,,03-get-footprint-neighbors.md,(ninguna),ausencia declarada,no,
_bbox_distance_to_point,original,S,S1,cumple,0,04-bbox-distance-to-point.md,S1,"S1: cumple (d2=0, sin riesgo de ciclo)",no,
_bbox_distance_to_point,original,S,S2,cumple,0,04-bbox-distance-to-point.md,S2,"S2: cumple con 1 reexport (d4=1, bien bajo UMBRAL_R7_REEXPORTS=3)",no,
_bbox_distance_to_point,original,S,S3,cumple,0,04-bbox-distance-to-point.md,S3,S3: simple (función pura de 11 líneas),no,
_bbox_distance_to_point,original,S,S4,no_determinante,,04-bbox-distance-to-point.md,S4,Sin test focal directo; COBERTURA_INFERIDA vía los 3 consumidores,no,
_bbox_distance_to_point,original,S,S5,cumple,0,04-bbox-distance-to-point.md,S5,S5: cumple,no,
_bbox_distance_to_point,original,S,S6,no_evaluado_o_na,,04-bbox-distance-to-point.md,S6,"REFERENCIA_EXISTENTE (geometría en tools/, no en bridge/, mismo razonamiento que ficha 3)",no,
_bbox_distance_to_point,original,S,S7,no_cumple,1,04-bbox-distance-to-point.md,S7,"S7: NO cumple ninguna cuantitativa (0<80, 0<3, 11<100)",no,
_bbox_distance_to_point,original,S,S8,cumple,0,04-bbox-distance-to-point.md,S8,"M2_proyectado = M2_actual (extracción pura sin cambio) → S8 cumple por igualdad, no domina",no,
_bbox_distance_to_point,original,R,R1,no_evaluado_o_na,,04-bbox-distance-to-point.md,(ninguna),ausencia declarada,no,
_bbox_distance_to_point,original,R,R2,no_evaluado_o_na,,04-bbox-distance-to-point.md,(ninguna),ausencia declarada,no,
_bbox_distance_to_point,original,R,R3,no_evaluado_o_na,,04-bbox-distance-to-point.md,(ninguna),ausencia declarada,no,
_bbox_distance_to_point,original,R,R4,no_evaluado_o_na,,04-bbox-distance-to-point.md,(ninguna),ausencia declarada,no,
_bbox_distance_to_point,original,R,R5,no_evaluado_o_na,,04-bbox-distance-to-point.md,(ninguna),ausencia declarada,no,
_bbox_distance_to_point,original,R,R6,no_evaluado_o_na,,04-bbox-distance-to-point.md,(ninguna),ausencia declarada,no,
_bbox_distance_to_point,original,R,R7,no_evaluado_o_na,,04-bbox-distance-to-point.md,(ninguna),ausencia declarada,no,
_bbox_distance_to_point,original,R,R8,no_evaluado_o_na,,04-bbox-distance-to-point.md,(ninguna),ausencia declarada,no,
_bbox_distance_to_point,original,R,R9,no_evaluado_o_na,,04-bbox-distance-to-point.md,(ninguna),ausencia declarada,no,
_bbox_distance_to_point,original,R,R10,no_evaluado_o_na,,04-bbox-distance-to-point.md,(ninguna),ausencia declarada,no,
_bbox_distance_to_point,original,R,R11,activado,1,04-bbox-distance-to-point.md,R activado,"R11 (beneficio marginal — S7 no se satisface, extraer 11 líneas con 3 consumidores compartidos)",no,
_bbox_distance_to_point,original,R,R12,no_evaluado_o_na,,04-bbox-distance-to-point.md,(ninguna),ausencia declarada,no,
_bbox_distance_to_point,original,R,R13,no_evaluado_o_na,,04-bbox-distance-to-point.md,(ninguna),ausencia declarada,no,
_bbox_distance_to_point,original,R,R14,no_evaluado_o_na,,04-bbox-distance-to-point.md,(ninguna),ausencia declarada,no,
_copper_distance_mm + _dist_point_segment,original,S,S1,cumple,0,05-copper-distance-mm.md,S1,S1: cumple (d2=0),no,
_copper_distance_mm + _dist_point_segment,original,S,S2,cumple,0,05-copper-distance-mm.md,S2,"S2: cumple, 1 reexport necesario",no,
_copper_distance_mm + _dist_point_segment,original,S,S3,cumple,0,05-copper-distance-mm.md,S3,S3: simple,no,
_copper_distance_mm + _dist_point_segment,original,S,S4,no_determinante,,05-copper-distance-mm.md,S4,"Sin test focal directo; COBERTURA_INFERIDA (vía _match_copper, cadena de inferencia larga)",no,
_copper_distance_mm + _dist_point_segment,original,S,S5,cumple,0,05-copper-distance-mm.md,S5,S5: cumple,no,
_copper_distance_mm + _dist_point_segment,original,S,S6,no_evaluado_o_na,,05-copper-distance-mm.md,S6,REFERENCIA_EXISTENTE; adyacencia documentada como hallazgo §14 sin escalar a exclusión,no,
_copper_distance_mm + _dist_point_segment,original,S,S7,no_cumple,1,05-copper-distance-mm.md,S7,"S7: NO cumple ninguna cuantitativa (0<80, 0<3, 30<100)",no,
_copper_distance_mm + _dist_point_segment,original,S,S8,cumple,0,05-copper-distance-mm.md,S8,"M2_proyectado = M2_actual bajo diseño mínimo — cumple por igualdad, no domina",no,
_copper_distance_mm + _dist_point_segment,original,R,R1,no_evaluado_o_na,,05-copper-distance-mm.md,(ninguna),ausencia declarada,no,
_copper_distance_mm + _dist_point_segment,original,R,R2,no_evaluado_o_na,,05-copper-distance-mm.md,(ninguna),ausencia declarada,no,
_copper_distance_mm + _dist_point_segment,original,R,R3,no_evaluado_o_na,,05-copper-distance-mm.md,(ninguna),ausencia declarada,no,
_copper_distance_mm + _dist_point_segment,original,R,R4,no_evaluado_o_na,,05-copper-distance-mm.md,(ninguna),ausencia declarada,no,
_copper_distance_mm + _dist_point_segment,original,R,R5,no_evaluado_o_na,,05-copper-distance-mm.md,(ninguna),ausencia declarada,no,
_copper_distance_mm + _dist_point_segment,original,R,R6,no_evaluado_o_na,,05-copper-distance-mm.md,(ninguna),ausencia declarada,no,
_copper_distance_mm + _dist_point_segment,original,R,R7,no_evaluado_o_na,,05-copper-distance-mm.md,(ninguna),ausencia declarada,no,
_copper_distance_mm + _dist_point_segment,original,R,R8,no_evaluado_o_na,,05-copper-distance-mm.md,(ninguna),ausencia declarada,no,
_copper_distance_mm + _dist_point_segment,original,R,R9,no_evaluado_o_na,,05-copper-distance-mm.md,(ninguna),ausencia declarada,no,
_copper_distance_mm + _dist_point_segment,original,R,R10,no_evaluado_o_na,,05-copper-distance-mm.md,(ninguna),ausencia declarada,no,
_copper_distance_mm + _dist_point_segment,original,R,R11,activado,1,05-copper-distance-mm.md,R activado,R11.,no,
_copper_distance_mm + _dist_point_segment,original,R,R12,no_evaluado_o_na,,05-copper-distance-mm.md,(ninguna),ausencia declarada,no,
_copper_distance_mm + _dist_point_segment,original,R,R13,no_evaluado_o_na,,05-copper-distance-mm.md,(ninguna),ausencia declarada,no,
_copper_distance_mm + _dist_point_segment,original,R,R14,no_evaluado_o_na,,05-copper-distance-mm.md,(ninguna),ausencia declarada,no,
_copper_in_bbox,original,S,S1,no_cumple,1,06-copper-in-bbox.md,S1,S1: NO CUMPLE. El único destino de d2 (_segment_intersects_bbox) no forma parte de K,no,
_copper_in_bbox,original,S,S2,no_evaluado_o_na,,06-copper-in-bbox.md,S2,ausencia declarada,no,
_copper_in_bbox,original,S,S3,no_evaluado_o_na,,06-copper-in-bbox.md,S3,ausencia declarada,no,
_copper_in_bbox,original,S,S4,no_evaluado_o_na,,06-copper-in-bbox.md,S4,ausencia declarada,no,
_copper_in_bbox,original,S,S5,no_evaluado_o_na,,06-copper-in-bbox.md,S5,ausencia declarada,no,
_copper_in_bbox,original,S,S6,no_evaluado_o_na,,06-copper-in-bbox.md,S6,ausencia declarada,no,
_copper_in_bbox,original,S,S7,no_cumple,1,06-copper-in-bbox.md,S7,"S7: NO cumple ninguna cuantitativa (0<80, 0<3, 12<100)",no,
_copper_in_bbox,original,S,S8,no_evaluado_o_na,,06-copper-in-bbox.md,S8,ausencia declarada,no,
_copper_in_bbox,original,R,R1,no_evaluado_o_na,,06-copper-in-bbox.md,(ninguna),ausencia declarada,no,
_copper_in_bbox,original,R,R2,no_evaluado_o_na,,06-copper-in-bbox.md,(ninguna),ausencia declarada,no,
_copper_in_bbox,original,R,R3,no_evaluado_o_na,,06-copper-in-bbox.md,(ninguna),ausencia declarada,no,
_copper_in_bbox,original,R,R4,no_evaluado_o_na,,06-copper-in-bbox.md,(ninguna),ausencia declarada,no,
_copper_in_bbox,original,R,R5,no_evaluado_o_na,,06-copper-in-bbox.md,(ninguna),ausencia declarada,no,
_copper_in_bbox,original,R,R6,no_evaluado_o_na,,06-copper-in-bbox.md,(ninguna),ausencia declarada,no,
_copper_in_bbox,original,R,R7,no_evaluado_o_na,,06-copper-in-bbox.md,(ninguna),ausencia declarada,no,
_copper_in_bbox,original,R,R8,no_evaluado_o_na,,06-copper-in-bbox.md,(ninguna),ausencia declarada,no,
_copper_in_bbox,original,R,R9,no_evaluado_o_na,,06-copper-in-bbox.md,(ninguna),ausencia declarada,no,
_copper_in_bbox,original,R,R10,no_evaluado_o_na,,06-copper-in-bbox.md,(ninguna),ausencia declarada,no,
_copper_in_bbox,original,R,R11,no_evaluado_o_na,,06-copper-in-bbox.md,(ninguna),ausencia declarada,no,
_copper_in_bbox,original,R,R12,no_evaluado_o_na,,06-copper-in-bbox.md,(ninguna),ausencia declarada,no,
_copper_in_bbox,original,R,R13,no_evaluado_o_na,,06-copper-in-bbox.md,(ninguna),ausencia declarada,no,
_copper_in_bbox,original,R,R14,no_evaluado_o_na,,06-copper-in-bbox.md,(ninguna),ausencia declarada,no,
_copper_on_layer,original,S,S1,cumple,0,07-copper-on-layer.md,S1,"S1: cumple (d2=0, sin riesgo de ciclo)",no,
_copper_on_layer,original,S,S2,cumple,0,07-copper-on-layer.md,S2,"S2: cumple, 1 reexport",no,
_copper_on_layer,original,S,S3,cumple,0,07-copper-on-layer.md,S3,"S3: simple (6 líneas, predicado puro)",no,
_copper_on_layer,original,S,S4,no_determinante,,07-copper-on-layer.md,S4,Sin test focal; COBERTURA_INFERIDA transitiva,no,
_copper_on_layer,original,S,S5,cumple,0,07-copper-on-layer.md,S5,S5: cumple,no,
_copper_on_layer,original,S,S6,no_evaluado_o_na,,07-copper-on-layer.md,S6,REFERENCIA_EXISTENTE — sin adyacencia siquiera temática con DT3,no,
_copper_on_layer,original,S,S7,no_cumple,1,07-copper-on-layer.md,S7,"S7: NO cumple ninguna cuantitativa (0<80, 0<3, 6<100) — el candidato más pequeño del universo",no,
_copper_on_layer,original,S,S8,cumple,0,07-copper-on-layer.md,S8,S8: M2_proyectado = M2_actual (igualdad),no,
_copper_on_layer,original,R,R1,no_evaluado_o_na,,07-copper-on-layer.md,(ninguna),ausencia declarada,no,
_copper_on_layer,original,R,R2,no_evaluado_o_na,,07-copper-on-layer.md,(ninguna),ausencia declarada,no,
_copper_on_layer,original,R,R3,no_evaluado_o_na,,07-copper-on-layer.md,(ninguna),ausencia declarada,no,
_copper_on_layer,original,R,R4,no_evaluado_o_na,,07-copper-on-layer.md,(ninguna),ausencia declarada,no,
_copper_on_layer,original,R,R5,no_evaluado_o_na,,07-copper-on-layer.md,(ninguna),ausencia declarada,no,
_copper_on_layer,original,R,R6,no_evaluado_o_na,,07-copper-on-layer.md,(ninguna),ausencia declarada,no,
_copper_on_layer,original,R,R7,no_evaluado_o_na,,07-copper-on-layer.md,(ninguna),ausencia declarada,no,
_copper_on_layer,original,R,R8,no_evaluado_o_na,,07-copper-on-layer.md,(ninguna),ausencia declarada,no,
_copper_on_layer,original,R,R9,no_evaluado_o_na,,07-copper-on-layer.md,(ninguna),ausencia declarada,no,
_copper_on_layer,original,R,R10,no_evaluado_o_na,,07-copper-on-layer.md,(ninguna),ausencia declarada,no,
_copper_on_layer,original,R,R11,activado,1,07-copper-on-layer.md,R activado,R11.,no,
_copper_on_layer,original,R,R12,no_evaluado_o_na,,07-copper-on-layer.md,(ninguna),ausencia declarada,no,
_copper_on_layer,original,R,R13,no_evaluado_o_na,,07-copper-on-layer.md,(ninguna),ausencia declarada,no,
_copper_on_layer,original,R,R14,no_evaluado_o_na,,07-copper-on-layer.md,(ninguna),ausencia declarada,no,
move_footprint (post-mutación),original,S,S1,no_cumple,1,08-move-footprint.md,S1,S1 — NO CUMPLE. Los 3 destinos de d2 son el trío de utilidad universal,no,
move_footprint (post-mutación),original,S,S2,cumple,0,08-move-footprint.md,S2,"S2 — cumple (0 reexports, d4=0)",no,
move_footprint (post-mutación),original,S,S3,no_determinante,,08-move-footprint.md,S3,"S3 — moderada (closure + 3 helpers propios, sin señales de complejidad alta)",no,
move_footprint (post-mutación),original,S,S4,cumple,0,08-move-footprint.md,S4,COBERTURA_DEMOSTRADA razonable (test_move_footprint_reports_component_not_found_with_similars asertado),no,
move_footprint (post-mutación),original,S,S5,cumple,0,08-move-footprint.md,S5,S5 — cumple,no,
move_footprint (post-mutación),original,S,S6,no_evaluado_o_na,,08-move-footprint.md,S6,"REFERENCIA_EXISTENTE (bookkeeping de snapshot pre/post, sin relación con DT3/P1-2)",no,
move_footprint (post-mutación),original,S,S7,cumple,0,08-move-footprint.md,S7,S7.a 99>=80 SÍ (por muy poco margen); S7.c 216>=100 SÍ,no,
move_footprint (post-mutación),original,S,S8,no_determinante,,08-move-footprint.md,S8,S8 falla bajo Opción B; no evaluable con sentido bajo Opción A,no,
move_footprint (post-mutación),original,R,R1,no_evaluado_o_na,,08-move-footprint.md,(ninguna),ausencia declarada,no,
move_footprint (post-mutación),original,R,R2,no_evaluado_o_na,,08-move-footprint.md,(ninguna),ausencia declarada,no,
move_footprint (post-mutación),original,R,R3,no_evaluado_o_na,,08-move-footprint.md,(ninguna),ausencia declarada,no,
move_footprint (post-mutación),original,R,R4,no_evaluado_o_na,,08-move-footprint.md,(ninguna),ausencia declarada,no,
move_footprint (post-mutación),original,R,R5,no_evaluado_o_na,,08-move-footprint.md,(ninguna),ausencia declarada,no,
move_footprint (post-mutación),original,R,R6,no_evaluado_o_na,,08-move-footprint.md,(ninguna),ausencia declarada,no,
move_footprint (post-mutación),original,R,R7,no_evaluado_o_na,,08-move-footprint.md,(ninguna),ausencia declarada,no,
move_footprint (post-mutación),original,R,R8,no_evaluado_o_na,,08-move-footprint.md,(ninguna),ausencia declarada,no,
move_footprint (post-mutación),original,R,R9,no_evaluado_o_na,,08-move-footprint.md,(ninguna),ausencia declarada,no,
move_footprint (post-mutación),original,R,R10,no_evaluado_o_na,,08-move-footprint.md,(ninguna),ausencia declarada,no,
move_footprint (post-mutación),original,R,R11,no_evaluado_o_na,,08-move-footprint.md,(ninguna),ausencia declarada,no,
move_footprint (post-mutación),original,R,R12,activado,1,08-move-footprint.md,R activados,R12 (Opción A) o S8 directa (Opción B),no,condicionado a Opción A
move_footprint (post-mutación),original,R,R13,no_evaluado_o_na,,08-move-footprint.md,(ninguna),ausencia declarada,no,
move_footprint (post-mutación),original,R,R14,no_evaluado_o_na,,08-move-footprint.md,(ninguna),ausencia declarada,no,
add_track (resolución de endpoints),original,S,S1,no_cumple,1,09-add-track.md,S1,"S1 — NO CUMPLE (mismo patrón, tercera y más grande instancia)",no,
add_track (resolución de endpoints),original,S,S2,cumple,0,09-add-track.md,S2,S2 — cumple (0 reexports),no,
add_track (resolución de endpoints),original,S,S3,no_determinante,,09-add-track.md,S3,S3 — moderada-alta: 7 helpers geométricos + 1 closure de 167 líneas,no,
add_track (resolución de endpoints),original,S,S4,cumple,0,09-add-track.md,S4,COBERTURA_DEMOSTRADA razonable para el camino de resolución de pad (la más fuerte de los 12),no,
add_track (resolución de endpoints),original,S,S5,cumple,0,09-add-track.md,S5,S5 — cumple,no,
add_track (resolución de endpoints),original,S,S6,no_evaluado_o_na,,09-add-track.md,S6,"REFERENCIA_EXISTENTE, con hallazgo §14 (DRIFT_AFECTA_CANDIDATO) por adyacencia temática con DT3",no,
add_track (resolución de endpoints),original,S,S7,cumple,0,09-add-track.md,S7,S7.a 167>=80 SÍ; S7.c 332>=100 SÍ,no,
add_track (resolución de endpoints),original,S,S8,no_determinante,,09-add-track.md,S8,S8 falla bajo Opción B; no evaluable con sentido bajo Opción A,no,
add_track (resolución de endpoints),original,R,R1,no_evaluado_o_na,,09-add-track.md,(ninguna),ausencia declarada,no,
add_track (resolución de endpoints),original,R,R2,no_evaluado_o_na,,09-add-track.md,(ninguna),ausencia declarada,no,
add_track (resolución de endpoints),original,R,R3,no_evaluado_o_na,,09-add-track.md,(ninguna),ausencia declarada,no,
add_track (resolución de endpoints),original,R,R4,no_evaluado_o_na,,09-add-track.md,(ninguna),ausencia declarada,no,
add_track (resolución de endpoints),original,R,R5,no_evaluado_o_na,,09-add-track.md,(ninguna),ausencia declarada,no,
add_track (resolución de endpoints),original,R,R6,no_evaluado_o_na,,09-add-track.md,(ninguna),ausencia declarada,no,
add_track (resolución de endpoints),original,R,R7,no_evaluado_o_na,,09-add-track.md,(ninguna),ausencia declarada,no,
add_track (resolución de endpoints),original,R,R8,no_evaluado_o_na,,09-add-track.md,(ninguna),ausencia declarada,no,
add_track (resolución de endpoints),original,R,R9,no_evaluado_o_na,,09-add-track.md,(ninguna),ausencia declarada,no,
add_track (resolución de endpoints),original,R,R10,no_evaluado_o_na,,09-add-track.md,(ninguna),ausencia declarada,no,
add_track (resolución de endpoints),original,R,R11,no_evaluado_o_na,,09-add-track.md,(ninguna),ausencia declarada,no,
add_track (resolución de endpoints),original,R,R12,activado,1,09-add-track.md,R activados,R12 (Opción A) o S8 directa (Opción B),no,condicionado a Opción A
add_track (resolución de endpoints),original,R,R13,no_evaluado_o_na,,09-add-track.md,(ninguna),ausencia declarada,no,
add_track (resolución de endpoints),original,R,R14,no_evaluado_o_na,,09-add-track.md,(ninguna),ausencia declarada,no,
draw_board_outline,original,S,S1,no_cumple,1,10-draw-board-outline.md,S1,"S1 — NO CUMPLE (mismo patrón, cuarta instancia)",no,
draw_board_outline,original,S,S2,cumple,0,10-draw-board-outline.md,S2,S2 — cumple,no,
draw_board_outline,original,S,S3,no_determinante,,10-draw-board-outline.md,S3,S3 — simple-moderada (closure de 85 líneas + 1 helper trivial de 2 líneas),no,
draw_board_outline,original,S,S4,cumple,0,10-draw-board-outline.md,S4,COBERTURA_DEMOSTRADA razonable (test_draw_board_outline_rejects_nonpositive_dims asertado),no,
draw_board_outline,original,S,S5,cumple,0,10-draw-board-outline.md,S5,S5 — cumple,no,
draw_board_outline,original,S,S6,no_evaluado_o_na,,10-draw-board-outline.md,S6,REFERENCIA_EXISTENTE (adyacencia geométrica con DT3 mínima comparada con fichas 3/6/9),no,
draw_board_outline,original,S,S7,cumple,0,10-draw-board-outline.md,S7,S7.a 85>=80 SÍ (margen mínimo); S7.b NO; S7.c 87<100 NO,no,
draw_board_outline,original,S,S8,no_determinante,,10-draw-board-outline.md,S8,S8 falla bajo Opción B; no evaluable con sentido bajo Opción A,no,
draw_board_outline,original,R,R1,no_evaluado_o_na,,10-draw-board-outline.md,(ninguna),ausencia declarada,no,
draw_board_outline,original,R,R2,no_evaluado_o_na,,10-draw-board-outline.md,(ninguna),ausencia declarada,no,
draw_board_outline,original,R,R3,no_evaluado_o_na,,10-draw-board-outline.md,(ninguna),ausencia declarada,no,
draw_board_outline,original,R,R4,no_evaluado_o_na,,10-draw-board-outline.md,(ninguna),ausencia declarada,no,
draw_board_outline,original,R,R5,no_evaluado_o_na,,10-draw-board-outline.md,(ninguna),ausencia declarada,no,
draw_board_outline,original,R,R6,no_evaluado_o_na,,10-draw-board-outline.md,(ninguna),ausencia declarada,no,
draw_board_outline,original,R,R7,no_evaluado_o_na,,10-draw-board-outline.md,(ninguna),ausencia declarada,no,
draw_board_outline,original,R,R8,no_evaluado_o_na,,10-draw-board-outline.md,(ninguna),ausencia declarada,no,
draw_board_outline,original,R,R9,no_evaluado_o_na,,10-draw-board-outline.md,(ninguna),ausencia declarada,no,
draw_board_outline,original,R,R10,no_evaluado_o_na,,10-draw-board-outline.md,(ninguna),ausencia declarada,no,
draw_board_outline,original,R,R11,no_evaluado_o_na,,10-draw-board-outline.md,(ninguna),ausencia declarada,no,
draw_board_outline,original,R,R12,activado,1,10-draw-board-outline.md,R activados,R12 (Opción A) o S8 directa (Opción B),no,condicionado a Opción A
draw_board_outline,original,R,R13,no_evaluado_o_na,,10-draw-board-outline.md,(ninguna),ausencia declarada,no,
draw_board_outline,original,R,R14,no_evaluado_o_na,,10-draw-board-outline.md,(ninguna),ausencia declarada,no,
_resolve_board,original,S,S1,cumple,0,11-resolve-board.md,S1,"S1: cumple (d2=0, dependencia solo hacia bridge/ estable)",no,
_resolve_board,original,S,S2,cumple,0,11-resolve-board.md,S2,"S2: cumple, 1 reexport (por debajo de UMBRAL_R7_REEXPORTS=3 pese al fan-in de 17)",no,
_resolve_board,original,S,S3,cumple,0,11-resolve-board.md,S3,"S3: simple (9 líneas, patrón idéntico a un helper de pcb_encoders.py)",no,
_resolve_board,original,S,S4,no_determinante,,11-resolve-board.md,S4,COBERTURA_INFERIDA fuerte por transitividad extrema; ningún test asigna aserción a _resolve_board en sí,no,
_resolve_board,original,S,S5,cumple,0,11-resolve-board.md,S5,S5: cumple,no,
_resolve_board,original,S,S6,no_evaluado_o_na,,11-resolve-board.md,S6,"REFERENCIA_EXISTENTE (resolución de handle IPC, sin relación con DT3/P1-2)",no,
_resolve_board,original,S,S7,no_cumple,1,11-resolve-board.md,S7,"S7: NO cumple ninguna cuantitativa (0<80, 0<3, 9<100)",no,
_resolve_board,original,S,S8,cumple,0,11-resolve-board.md,S8,"S8: M2_proyectado = M2_actual bajo diseño mínimo — cumple por igualdad, no domina",no,
_resolve_board,original,R,R1,no_evaluado_o_na,,11-resolve-board.md,(ninguna),ausencia declarada,no,
_resolve_board,original,R,R2,no_evaluado_o_na,,11-resolve-board.md,(ninguna),ausencia declarada,no,
_resolve_board,original,R,R3,no_evaluado_o_na,,11-resolve-board.md,(ninguna),ausencia declarada,no,
_resolve_board,original,R,R4,no_evaluado_o_na,,11-resolve-board.md,(ninguna),ausencia declarada,no,
_resolve_board,original,R,R5,no_evaluado_o_na,,11-resolve-board.md,(ninguna),ausencia declarada,no,
_resolve_board,original,R,R6,no_evaluado_o_na,,11-resolve-board.md,(ninguna),ausencia declarada,no,
_resolve_board,original,R,R7,no_evaluado_o_na,,11-resolve-board.md,(ninguna),ausencia declarada,no,
_resolve_board,original,R,R8,no_evaluado_o_na,,11-resolve-board.md,(ninguna),ausencia declarada,no,
_resolve_board,original,R,R9,no_evaluado_o_na,,11-resolve-board.md,(ninguna),ausencia declarada,no,
_resolve_board,original,R,R10,no_evaluado_o_na,,11-resolve-board.md,(ninguna),ausencia declarada,no,
_resolve_board,original,R,R11,activado,1,11-resolve-board.md,R activado,R11.,no,
_resolve_board,original,R,R12,no_evaluado_o_na,,11-resolve-board.md,(ninguna),ausencia declarada,no,
_resolve_board,original,R,R13,no_evaluado_o_na,,11-resolve-board.md,(ninguna),ausencia declarada,no,
_resolve_board,original,R,R14,no_evaluado_o_na,,11-resolve-board.md,(ninguna),ausencia declarada,no,
_segment_intersects_bbox,original,S,S1,cumple,0,12-segment-intersects-bbox.md,S1,S1: cumple (d2=0 — el candidato más limpio en aislamiento de los 12),no,
_segment_intersects_bbox,original,S,S2,cumple,0,12-segment-intersects-bbox.md,S2,"S2: cumple, 1 reexport",no,
_segment_intersects_bbox,original,S,S3,cumple,0,12-segment-intersects-bbox.md,S3,"S3: simple (34 líneas, función pura autocontenida)",no,
_segment_intersects_bbox,original,S,S4,no_determinante,,12-segment-intersects-bbox.md,S4,Sin test focal directo; COBERTURA_INFERIDA vía sus 2 consumidores (cadena más larga sin aserción directa),no,
_segment_intersects_bbox,original,S,S5,cumple,0,12-segment-intersects-bbox.md,S5,S5: cumple,no,
_segment_intersects_bbox,original,S,S6,no_evaluado_o_na,,12-segment-intersects-bbox.md,S6,"REFERENCIA_EXISTENTE, misma nota de adyacencia temática con DT3 que fichas 3/4/5/9",no,
_segment_intersects_bbox,original,S,S7,no_cumple,1,12-segment-intersects-bbox.md,S7,"S7: NO cumple ninguna cuantitativa (0<80, 0<3, 34<100)",no,
_segment_intersects_bbox,original,S,S8,cumple,0,12-segment-intersects-bbox.md,S8,"S8: M2_proyectado = M2_actual (igualdad, diseño mínimo con 1 reexport)",no,
_segment_intersects_bbox,original,R,R1,no_evaluado_o_na,,12-segment-intersects-bbox.md,(ninguna),ausencia declarada,no,
_segment_intersects_bbox,original,R,R2,no_evaluado_o_na,,12-segment-intersects-bbox.md,(ninguna),ausencia declarada,no,
_segment_intersects_bbox,original,R,R3,no_evaluado_o_na,,12-segment-intersects-bbox.md,(ninguna),ausencia declarada,no,
_segment_intersects_bbox,original,R,R4,no_evaluado_o_na,,12-segment-intersects-bbox.md,(ninguna),ausencia declarada,no,
_segment_intersects_bbox,original,R,R5,no_evaluado_o_na,,12-segment-intersects-bbox.md,(ninguna),ausencia declarada,no,
_segment_intersects_bbox,original,R,R6,no_evaluado_o_na,,12-segment-intersects-bbox.md,(ninguna),ausencia declarada,no,
_segment_intersects_bbox,original,R,R7,no_evaluado_o_na,,12-segment-intersects-bbox.md,(ninguna),ausencia declarada,no,
_segment_intersects_bbox,original,R,R8,no_evaluado_o_na,,12-segment-intersects-bbox.md,(ninguna),ausencia declarada,no,
_segment_intersects_bbox,original,R,R9,no_evaluado_o_na,,12-segment-intersects-bbox.md,(ninguna),ausencia declarada,no,
_segment_intersects_bbox,original,R,R10,no_evaluado_o_na,,12-segment-intersects-bbox.md,(ninguna),ausencia declarada,no,
_segment_intersects_bbox,original,R,R11,activado,1,12-segment-intersects-bbox.md,R activado,R11.,no,
_segment_intersects_bbox,original,R,R12,no_evaluado_o_na,,12-segment-intersects-bbox.md,(ninguna),ausencia declarada,no,
_segment_intersects_bbox,original,R,R13,no_evaluado_o_na,,12-segment-intersects-bbox.md,(ninguna),ausencia declarada,no,
_segment_intersects_bbox,original,R,R14,no_evaluado_o_na,,12-segment-intersects-bbox.md,(ninguna),ausencia declarada,no,
_similars,extension,S,S1,cumple,0,13-similars.md,S1,"S1: cumple (d2=0, sin dependencias hacia pcb.py ni módulos inestables)",no,
_similars,extension,S,S2,cumple,0,13-similars.md,S2,"S2: cumple, 1 reexport (< UMBRAL_R7_REEXPORTS=3)",no,
_similars,extension,S,S3,cumple,0,13-similars.md,S3,"S3: simple (3 líneas, función pura sin estado)",no,
_similars,extension,S,S4,no_determinante,,13-similars.md,S4,"Sin COBERTURA_DEMOSTRADA directa; COBERTURA_INFERIDA fuerte, sin delta de test propuesto",no,
_similars,extension,S,S5,cumple,0,13-similars.md,S5,S5: cumple,no,
_similars,extension,S,S6,no_evaluado_o_na,,13-similars.md,S6,"REFERENCIA_EXISTENTE (utilidad de UX de error, sin relación con DT3/P1-2)",no,
_similars,extension,S,S7,no_cumple,1,13-similars.md,S7,S7: NO cumple ninguna cuantitativa (LOC=3<<80; 1 closure eliminada<3; reducción pcb.py=3<<100),no,
_similars,extension,S,S8,cumple,0,13-similars.md,S8,S8: M2_proyectado = M2_actual (cumple por igualdad),no,
_similars,extension,R,R1,no_evaluado_o_na,,13-similars.md,(ninguna),ausencia declarada,no,
_similars,extension,R,R2,no_evaluado_o_na,,13-similars.md,(ninguna),ausencia declarada,no,
_similars,extension,R,R3,no_evaluado_o_na,,13-similars.md,(ninguna),ausencia declarada,no,
_similars,extension,R,R4,no_evaluado_o_na,,13-similars.md,(ninguna),ausencia declarada,no,
_similars,extension,R,R5,no_evaluado_o_na,,13-similars.md,(ninguna),ausencia declarada,no,
_similars,extension,R,R6,no_evaluado_o_na,,13-similars.md,(ninguna),ausencia declarada,no,
_similars,extension,R,R7,no_evaluado_o_na,,13-similars.md,(ninguna),ausencia declarada,no,
_similars,extension,R,R8,no_evaluado_o_na,,13-similars.md,(ninguna),ausencia declarada,no,
_similars,extension,R,R9,no_evaluado_o_na,,13-similars.md,(ninguna),ausencia declarada,no,
_similars,extension,R,R10,no_evaluado_o_na,,13-similars.md,(ninguna),ausencia declarada,no,
_similars,extension,R,R11,activado,1,13-similars.md,R activado,R11 (beneficio marginal — S7 no se satisface y no hay base para E1),no,
_similars,extension,R,R12,no_evaluado_o_na,,13-similars.md,(ninguna),ausencia declarada,no,
_similars,extension,R,R13,no_evaluado_o_na,,13-similars.md,(ninguna),ausencia declarada,no,
_similars,extension,R,R14,no_evaluado_o_na,,13-similars.md,(ninguna),ausencia declarada,no,
"{_via_params, add_via}",extension,S,S1,no_determinante,,14-via-params-add-via.md,S1,NO cumple (Ruta A) / cumple con degradación S8 (Ruta B) — ver M2,no,no comprometido a una sola ruta en la ficha
"{_via_params, add_via}",extension,S,S2,cumple,0,14-via-params-add-via.md,S2,S2: cumple (firma @mcp.tool preservada),no,
"{_via_params, add_via}",extension,S,S3,cumple,0,14-via-params-add-via.md,S3,S3: simple (mover 2 símbolos + wrapper delgado),no,
"{_via_params, add_via}",extension,S,S4,cumple,0,14-via-params-add-via.md,S4,"S4: cumple, COBERTURA_DEMOSTRADA",no,
"{_via_params, add_via}",extension,S,S5,cumple,0,14-via-params-add-via.md,S5,S5: cumple (no toca zonas/route_board/stitching),no,
"{_via_params, add_via}",extension,S,S6,no_evaluado_o_na,,14-via-params-add-via.md,S6,"REFERENCIA_EXISTENTE (mutación de cobre puntual, sin relación con DT3/P1-2)",no,
"{_via_params, add_via}",extension,S,S7,cumple,0,14-via-params-add-via.md,S7,S7: cumple por S7.a (110 >= UMBRAL_S7_LOC=80),no,
"{_via_params, add_via}",extension,S,S8,no_cumple,1,14-via-params-add-via.md,S8,S8: NO cumple en ninguna de las dos rutas (ver M2),no,
"{_via_params, add_via}",extension,R,R1,no_evaluado_o_na,,14-via-params-add-via.md,(ninguna),ausencia declarada,no,
"{_via_params, add_via}",extension,R,R2,no_evaluado_o_na,,14-via-params-add-via.md,(ninguna),ausencia declarada,no,
"{_via_params, add_via}",extension,R,R3,no_evaluado_o_na,,14-via-params-add-via.md,(ninguna),ausencia declarada,no,
"{_via_params, add_via}",extension,R,R4,no_evaluado_o_na,,14-via-params-add-via.md,(ninguna),ausencia declarada,no,
"{_via_params, add_via}",extension,R,R5,no_evaluado_o_na,,14-via-params-add-via.md,(ninguna),ausencia declarada,no,
"{_via_params, add_via}",extension,R,R6,no_evaluado_o_na,,14-via-params-add-via.md,(ninguna),ausencia declarada,no,
"{_via_params, add_via}",extension,R,R7,no_evaluado_o_na,,14-via-params-add-via.md,(ninguna),ausencia declarada,no,
"{_via_params, add_via}",extension,R,R8,no_evaluado_o_na,,14-via-params-add-via.md,(ninguna),ausencia declarada,no,
"{_via_params, add_via}",extension,R,R9,no_evaluado_o_na,,14-via-params-add-via.md,(ninguna),ausencia declarada,no,
"{_via_params, add_via}",extension,R,R10,no_evaluado_o_na,,14-via-params-add-via.md,(ninguna),ausencia declarada,no,
"{_via_params, add_via}",extension,R,R11,activado,1,14-via-params-add-via.md,R activado,"R11 (Ruta B, beneficio marginal sin dominancia M2)",no,condicionado a Ruta B
"{_via_params, add_via}",extension,R,R12,activado,1,14-via-params-add-via.md,R activado,"R12 (Ruta A, ciclo de import)",no,condicionado a Ruta A
"{_via_params, add_via}",extension,R,R13,no_evaluado_o_na,,14-via-params-add-via.md,(ninguna),ausencia declarada,no,
"{_via_params, add_via}",extension,R,R14,no_evaluado_o_na,,14-via-params-add-via.md,(ninguna),ausencia declarada,no,
delete_track,extension,S,S1,no_determinante,,15-delete-track.md,S1,"no determinante — el estado actual cumple, pero el gate se evalúa sobre la extracción proyectada, no evaluada completamente",no,
delete_track,extension,S,S2,cumple,0,15-delete-track.md,S2,S2: cumple,no,
delete_track,extension,S,S3,cumple,0,15-delete-track.md,S3,S3: simple (wrapper de una función),no,
delete_track,extension,S,S4,cumple,0,15-delete-track.md,S4,"S4: cumple, COBERTURA_DEMOSTRADA amplia",no,
delete_track,extension,S,S5,cumple,0,15-delete-track.md,S5,S5: cumple,no,
delete_track,extension,S,S6,no_evaluado_o_na,,15-delete-track.md,S6,REFERENCIA_EXISTENTE,no,
delete_track,extension,S,S7,no_cumple,1,15-delete-track.md,S7,S7: NO cumple ninguna cuantitativa (18<80; 1 closure<3; 18<100),no,
delete_track,extension,S,S8,no_determinante,,15-delete-track.md,S8,no determinante (S7 ya falla),no,
delete_track,extension,R,R1,no_evaluado_o_na,,15-delete-track.md,(ninguna),ausencia declarada,no,
delete_track,extension,R,R2,no_evaluado_o_na,,15-delete-track.md,(ninguna),ausencia declarada,no,
delete_track,extension,R,R3,no_evaluado_o_na,,15-delete-track.md,(ninguna),ausencia declarada,no,
delete_track,extension,R,R4,no_evaluado_o_na,,15-delete-track.md,(ninguna),ausencia declarada,no,
delete_track,extension,R,R5,no_evaluado_o_na,,15-delete-track.md,(ninguna),ausencia declarada,no,
delete_track,extension,R,R6,no_evaluado_o_na,,15-delete-track.md,(ninguna),ausencia declarada,no,
delete_track,extension,R,R7,no_evaluado_o_na,,15-delete-track.md,(ninguna),ausencia declarada,no,
delete_track,extension,R,R8,no_evaluado_o_na,,15-delete-track.md,(ninguna),ausencia declarada,no,
delete_track,extension,R,R9,no_evaluado_o_na,,15-delete-track.md,(ninguna),ausencia declarada,no,
delete_track,extension,R,R10,no_evaluado_o_na,,15-delete-track.md,(ninguna),ausencia declarada,no,
delete_track,extension,R,R11,activado,1,15-delete-track.md,R activado,"R11 (beneficio marginal — S7 no se satisface, sin base para E1)",no,
delete_track,extension,R,R12,no_evaluado_o_na,,15-delete-track.md,(ninguna),ausencia declarada,no,
delete_track,extension,R,R13,no_evaluado_o_na,,15-delete-track.md,(ninguna),ausencia declarada,no,
delete_track,extension,R,R14,no_evaluado_o_na,,15-delete-track.md,(ninguna),ausencia declarada,no,
delete_via,extension,S,S1,no_determinante,,16-delete-via.md,S1,"no determinante — el estado actual cumple, pero el gate se evalúa sobre la extracción proyectada, no evaluada completamente",no,
delete_via,extension,S,S2,cumple,0,16-delete-via.md,S2,S2: cumple,no,
delete_via,extension,S,S3,cumple,0,16-delete-via.md,S3,S3: simple,no,
delete_via,extension,S,S4,cumple,0,16-delete-via.md,S4,S4: cumple con reserva — COBERTURA_DEMOSTRADA mínima (1 test propio),no,
delete_via,extension,S,S5,cumple,0,16-delete-via.md,S5,S5: cumple,no,
delete_via,extension,S,S6,no_evaluado_o_na,,16-delete-via.md,S6,REFERENCIA_EXISTENTE,no,
delete_via,extension,S,S7,no_cumple,1,16-delete-via.md,S7,S7: NO cumple ninguna cuantitativa (18<80; 1 closure<3; 18<100),no,
delete_via,extension,S,S8,no_determinante,,16-delete-via.md,S8,no determinante (S7 ya falla),no,
delete_via,extension,R,R1,no_evaluado_o_na,,16-delete-via.md,(ninguna),ausencia declarada,no,
delete_via,extension,R,R2,no_evaluado_o_na,,16-delete-via.md,(ninguna),ausencia declarada,no,
delete_via,extension,R,R3,no_evaluado_o_na,,16-delete-via.md,(ninguna),ausencia declarada,no,
delete_via,extension,R,R4,no_evaluado_o_na,,16-delete-via.md,(ninguna),ausencia declarada,no,
delete_via,extension,R,R5,no_evaluado_o_na,,16-delete-via.md,(ninguna),ausencia declarada,no,
delete_via,extension,R,R6,no_evaluado_o_na,,16-delete-via.md,(ninguna),ausencia declarada,no,
delete_via,extension,R,R7,no_evaluado_o_na,,16-delete-via.md,(ninguna),ausencia declarada,no,
delete_via,extension,R,R8,no_evaluado_o_na,,16-delete-via.md,(ninguna),ausencia declarada,no,
delete_via,extension,R,R9,no_evaluado_o_na,,16-delete-via.md,(ninguna),ausencia declarada,no,
delete_via,extension,R,R10,no_evaluado_o_na,,16-delete-via.md,(ninguna),ausencia declarada,no,
delete_via,extension,R,R11,activado,1,16-delete-via.md,R activado,"R11 (beneficio marginal, S7 no se satisface)",no,
delete_via,extension,R,R12,no_evaluado_o_na,,16-delete-via.md,(ninguna),ausencia declarada,no,
delete_via,extension,R,R13,no_evaluado_o_na,,16-delete-via.md,(ninguna),ausencia declarada,no,
delete_via,extension,R,R14,no_evaluado_o_na,,16-delete-via.md,(ninguna),ausencia declarada,no,
get_component_detail,extension,S,S1,no_determinante,,17-get-component-detail.md,S1,"no determinante — el estado actual cumple, pero el gate se evalúa sobre la extracción proyectada, no evaluada completamente",no,
get_component_detail,extension,S,S2,cumple,0,17-get-component-detail.md,S2,S2: cumple,no,
get_component_detail,extension,S,S3,cumple,0,17-get-component-detail.md,S3,S3: simple,no,
get_component_detail,extension,S,S4,cumple,0,17-get-component-detail.md,S4,"S4: cumple, COBERTURA_DEMOSTRADA",no,
get_component_detail,extension,S,S5,cumple,0,17-get-component-detail.md,S5,S5: cumple,no,
get_component_detail,extension,S,S6,no_evaluado_o_na,,17-get-component-detail.md,S6,"REFERENCIA_EXISTENTE — consumidor incidental en tests GUI de zonas, no CAMBIO_INCIDENTAL ni PRERREQUISITO de DT3",no,
get_component_detail,extension,S,S7,no_cumple,1,17-get-component-detail.md,S7,S7: NO cumple ninguna cuantitativa (21<80; 1 closure<3; 21<100),no,
get_component_detail,extension,S,S8,no_determinante,,17-get-component-detail.md,S8,no determinante (S7 ya falla),no,
get_component_detail,extension,R,R1,no_evaluado_o_na,,17-get-component-detail.md,(ninguna),ausencia declarada,no,
get_component_detail,extension,R,R2,no_evaluado_o_na,,17-get-component-detail.md,(ninguna),ausencia declarada,no,
get_component_detail,extension,R,R3,no_evaluado_o_na,,17-get-component-detail.md,(ninguna),ausencia declarada,no,
get_component_detail,extension,R,R4,no_evaluado_o_na,,17-get-component-detail.md,(ninguna),ausencia declarada,no,
get_component_detail,extension,R,R5,no_evaluado_o_na,,17-get-component-detail.md,(ninguna),ausencia declarada,no,
get_component_detail,extension,R,R6,no_evaluado_o_na,,17-get-component-detail.md,(ninguna),ausencia declarada,no,
get_component_detail,extension,R,R7,no_evaluado_o_na,,17-get-component-detail.md,(ninguna),ausencia declarada,no,
get_component_detail,extension,R,R8,no_evaluado_o_na,,17-get-component-detail.md,(ninguna),ausencia declarada,no,
get_component_detail,extension,R,R9,no_evaluado_o_na,,17-get-component-detail.md,(ninguna),ausencia declarada,no,
get_component_detail,extension,R,R10,no_evaluado_o_na,,17-get-component-detail.md,(ninguna),ausencia declarada,no,
get_component_detail,extension,R,R11,activado,1,17-get-component-detail.md,R activado,"R11 (beneficio marginal, S7 no se satisface)",no,
get_component_detail,extension,R,R12,no_evaluado_o_na,,17-get-component-detail.md,(ninguna),ausencia declarada,no,
get_component_detail,extension,R,R13,no_evaluado_o_na,,17-get-component-detail.md,(ninguna),ausencia declarada,no,
get_component_detail,extension,R,R14,no_evaluado_o_na,,17-get-component-detail.md,(ninguna),ausencia declarada,no,
get_tracks,extension,S,S1,no_determinante,,18-get-tracks.md,S1,NO cumple (Ruta A) / cumple con degradación S8 (Ruta B),no,no comprometido a una sola ruta en la ficha
get_tracks,extension,S,S2,cumple,0,18-get-tracks.md,S2,S2: cumple,no,
get_tracks,extension,S,S3,cumple,0,18-get-tracks.md,S3,"S3: simple (mover 1 función, wrapper delgado)",no,
get_tracks,extension,S,S4,cumple,0,18-get-tracks.md,S4,"S4: cumple, COBERTURA_DEMOSTRADA",no,
get_tracks,extension,S,S5,cumple,0,18-get-tracks.md,S5,"S5: cumple (lectura de cobre, no toca zonas ni route_board)",no,
get_tracks,extension,S,S6,no_evaluado_o_na,,18-get-tracks.md,S6,"REFERENCIA_EXISTENTE (lectura de tracks/vías, sin relación con DT3/P1-2)",no,
get_tracks,extension,S,S7,cumple,0,18-get-tracks.md,S7,S7: cumple por S7.a (86 >= 80),no,
get_tracks,extension,S,S8,no_cumple,1,18-get-tracks.md,S8,S8: NO cumple en ninguna ruta (peor caso de los 9: d2=6 / Δd1=+6),no,
get_tracks,extension,R,R1,no_evaluado_o_na,,18-get-tracks.md,(ninguna),ausencia declarada,no,
get_tracks,extension,R,R2,no_evaluado_o_na,,18-get-tracks.md,(ninguna),ausencia declarada,no,
get_tracks,extension,R,R3,no_evaluado_o_na,,18-get-tracks.md,(ninguna),ausencia declarada,no,
get_tracks,extension,R,R4,no_evaluado_o_na,,18-get-tracks.md,(ninguna),ausencia declarada,no,
get_tracks,extension,R,R5,no_evaluado_o_na,,18-get-tracks.md,(ninguna),ausencia declarada,no,
get_tracks,extension,R,R6,no_evaluado_o_na,,18-get-tracks.md,(ninguna),ausencia declarada,no,
get_tracks,extension,R,R7,no_evaluado_o_na,,18-get-tracks.md,(ninguna),ausencia declarada,no,
get_tracks,extension,R,R8,no_evaluado_o_na,,18-get-tracks.md,(ninguna),ausencia declarada,no,
get_tracks,extension,R,R9,no_evaluado_o_na,,18-get-tracks.md,(ninguna),ausencia declarada,no,
get_tracks,extension,R,R10,no_evaluado_o_na,,18-get-tracks.md,(ninguna),ausencia declarada,no,
get_tracks,extension,R,R11,activado,1,18-get-tracks.md,R activado,"R11 (Ruta B, el deterioro de M2 más grande de los 9 candidatos)",no,condicionado a Ruta B
get_tracks,extension,R,R12,activado,1,18-get-tracks.md,R activado,R12 (Ruta A) — S1 falla con el margen más amplio de los 9 candidatos,no,condicionado a Ruta A
get_tracks,extension,R,R13,no_evaluado_o_na,,18-get-tracks.md,(ninguna),ausencia declarada,no,
get_tracks,extension,R,R14,no_evaluado_o_na,,18-get-tracks.md,(ninguna),ausencia declarada,no,
reload_board_from_disk,extension,S,S1,no_determinante,,19-reload-board-from-disk.md,S1,"no determinante — el estado actual cumple, pero el gate se evalúa sobre la extracción proyectada, no evaluada completamente",no,
reload_board_from_disk,extension,S,S2,cumple,0,19-reload-board-from-disk.md,S2,"S2: cumple, incluido el remapeo de error documentado",no,
reload_board_from_disk,extension,S,S3,cumple,0,19-reload-board-from-disk.md,S3,S3: simple,no,
reload_board_from_disk,extension,S,S4,cumple,0,19-reload-board-from-disk.md,S4,"S4: cumple, COBERTURA_DEMOSTRADA",no,
reload_board_from_disk,extension,S,S5,cumple,0,19-reload-board-from-disk.md,S5,S5: cumple,no,
reload_board_from_disk,extension,S,S6,no_evaluado_o_na,,19-reload-board-from-disk.md,S6,"REFERENCIA_EXISTENTE (mecanismo de sincronización disco-vivo, sin relación con DT3/P1-2)",no,
reload_board_from_disk,extension,S,S7,no_cumple,1,19-reload-board-from-disk.md,S7,S7: NO cumple ninguna cuantitativa (57<80; 1 closure<3; 57<100),no,
reload_board_from_disk,extension,S,S8,no_determinante,,19-reload-board-from-disk.md,S8,no determinante (S7 ya falla),no,
reload_board_from_disk,extension,R,R1,no_evaluado_o_na,,19-reload-board-from-disk.md,(ninguna),ausencia declarada,no,
reload_board_from_disk,extension,R,R2,no_evaluado_o_na,,19-reload-board-from-disk.md,(ninguna),ausencia declarada,no,
reload_board_from_disk,extension,R,R3,no_evaluado_o_na,,19-reload-board-from-disk.md,(ninguna),ausencia declarada,no,
reload_board_from_disk,extension,R,R4,no_evaluado_o_na,,19-reload-board-from-disk.md,(ninguna),ausencia declarada,no,
reload_board_from_disk,extension,R,R5,no_evaluado_o_na,,19-reload-board-from-disk.md,(ninguna),ausencia declarada,no,
reload_board_from_disk,extension,R,R6,no_evaluado_o_na,,19-reload-board-from-disk.md,(ninguna),ausencia declarada,no,
reload_board_from_disk,extension,R,R7,no_evaluado_o_na,,19-reload-board-from-disk.md,(ninguna),ausencia declarada,no,
reload_board_from_disk,extension,R,R8,no_evaluado_o_na,,19-reload-board-from-disk.md,(ninguna),ausencia declarada,no,
reload_board_from_disk,extension,R,R9,no_evaluado_o_na,,19-reload-board-from-disk.md,(ninguna),ausencia declarada,no,
reload_board_from_disk,extension,R,R10,no_evaluado_o_na,,19-reload-board-from-disk.md,(ninguna),ausencia declarada,no,
reload_board_from_disk,extension,R,R11,activado,1,19-reload-board-from-disk.md,R activado,"R11 (beneficio marginal, S7 no se satisface)",no,
reload_board_from_disk,extension,R,R12,no_evaluado_o_na,,19-reload-board-from-disk.md,(ninguna),ausencia declarada,no,
reload_board_from_disk,extension,R,R13,no_evaluado_o_na,,19-reload-board-from-disk.md,(ninguna),ausencia declarada,no,
reload_board_from_disk,extension,R,R14,no_evaluado_o_na,,19-reload-board-from-disk.md,(ninguna),ausencia declarada,no,
save_board,extension,S,S1,no_determinante,,20-save-board.md,S1,"no determinante — el estado actual cumple, pero el gate se evalúa sobre la extracción proyectada, no evaluada completamente",no,
save_board,extension,S,S2,cumple,0,20-save-board.md,S2,S2: cumple,no,
save_board,extension,S,S3,cumple,0,20-save-board.md,S3,S3: simple,no,
save_board,extension,S,S4,cumple,0,20-save-board.md,S4,"S4: cumple, COBERTURA_DEMOSTRADA amplia, incluida cobertura cruzada con route_board",no,
save_board,extension,S,S5,cumple,0,20-save-board.md,S5,S5: cumple (no implementa refill/zonas),no,
save_board,extension,S,S6,no_evaluado_o_na,,20-save-board.md,S6,REFERENCIA_EXISTENTE — no es CAMBIO_INCIDENTAL ni PRERREQUISITO de DT3,no,
save_board,extension,S,S7,no_cumple,1,20-save-board.md,S7,S7: NO cumple ninguna cuantitativa (35<80; 1 closure<3; 35<100),no,
save_board,extension,S,S8,no_determinante,,20-save-board.md,S8,no determinante (S7 ya falla),no,
save_board,extension,R,R1,no_evaluado_o_na,,20-save-board.md,(ninguna),ausencia declarada,no,
save_board,extension,R,R2,no_evaluado_o_na,,20-save-board.md,(ninguna),ausencia declarada,no,
save_board,extension,R,R3,no_evaluado_o_na,,20-save-board.md,(ninguna),ausencia declarada,no,
save_board,extension,R,R4,no_evaluado_o_na,,20-save-board.md,(ninguna),ausencia declarada,no,
save_board,extension,R,R5,no_evaluado_o_na,,20-save-board.md,(ninguna),ausencia declarada,no,
save_board,extension,R,R6,no_evaluado_o_na,,20-save-board.md,(ninguna),ausencia declarada,no,
save_board,extension,R,R7,no_evaluado_o_na,,20-save-board.md,(ninguna),ausencia declarada,no,
save_board,extension,R,R8,no_evaluado_o_na,,20-save-board.md,(ninguna),ausencia declarada,no,
save_board,extension,R,R9,no_evaluado_o_na,,20-save-board.md,(ninguna),ausencia declarada,no,
save_board,extension,R,R10,no_evaluado_o_na,,20-save-board.md,(ninguna),ausencia declarada,no,
save_board,extension,R,R11,activado,1,20-save-board.md,R activado,"R11 (beneficio marginal, S7 no se satisface)",no,
save_board,extension,R,R12,no_evaluado_o_na,,20-save-board.md,(ninguna),ausencia declarada,no,
save_board,extension,R,R13,no_evaluado_o_na,,20-save-board.md,(ninguna),ausencia declarada,no,
save_board,extension,R,R14,no_evaluado_o_na,,20-save-board.md,(ninguna),ausencia declarada,no,
set_footprint_ref,extension,S,S1,no_determinante,,21-set-footprint-ref.md,S1,NO cumple (Ruta A) / cumple con degradación S8 (Ruta B),no,no comprometido a una sola ruta en la ficha
set_footprint_ref,extension,S,S2,cumple,0,21-set-footprint-ref.md,S2,S2: cumple,no,
set_footprint_ref,extension,S,S3,cumple,0,21-set-footprint-ref.md,S3,"S3: simple (mover 1 función, wrapper delgado)",no,
set_footprint_ref,extension,S,S4,cumple,0,21-set-footprint-ref.md,S4,"S4: cumple, COBERTURA_DEMOSTRADA (offline)",no,
set_footprint_ref,extension,S,S5,cumple,0,21-set-footprint-ref.md,S5,"S5: cumple (renombra ref, no toca zonas/route_board)",no,
set_footprint_ref,extension,S,S6,no_evaluado_o_na,,21-set-footprint-ref.md,S6,"REFERENCIA_EXISTENTE (resolución de refs duplicados, sin relación con DT3/P1-2)",no,
set_footprint_ref,extension,S,S7,cumple,0,21-set-footprint-ref.md,S7,S7: cumple por S7.a (114>=80) y S7.c (114>=100),no,
set_footprint_ref,extension,S,S8,no_cumple,1,21-set-footprint-ref.md,S8,S8: NO cumple en ninguna ruta — idéntico patrón a add_via (ficha 14),no,
set_footprint_ref,extension,R,R1,no_evaluado_o_na,,21-set-footprint-ref.md,(ninguna),ausencia declarada,no,
set_footprint_ref,extension,R,R2,no_evaluado_o_na,,21-set-footprint-ref.md,(ninguna),ausencia declarada,no,
set_footprint_ref,extension,R,R3,no_evaluado_o_na,,21-set-footprint-ref.md,(ninguna),ausencia declarada,no,
set_footprint_ref,extension,R,R4,no_evaluado_o_na,,21-set-footprint-ref.md,(ninguna),ausencia declarada,no,
set_footprint_ref,extension,R,R5,no_evaluado_o_na,,21-set-footprint-ref.md,(ninguna),ausencia declarada,no,
set_footprint_ref,extension,R,R6,no_evaluado_o_na,,21-set-footprint-ref.md,(ninguna),ausencia declarada,no,
set_footprint_ref,extension,R,R7,no_evaluado_o_na,,21-set-footprint-ref.md,(ninguna),ausencia declarada,no,
set_footprint_ref,extension,R,R8,no_evaluado_o_na,,21-set-footprint-ref.md,(ninguna),ausencia declarada,no,
set_footprint_ref,extension,R,R9,no_evaluado_o_na,,21-set-footprint-ref.md,(ninguna),ausencia declarada,no,
set_footprint_ref,extension,R,R10,no_evaluado_o_na,,21-set-footprint-ref.md,(ninguna),ausencia declarada,no,
set_footprint_ref,extension,R,R11,activado,1,21-set-footprint-ref.md,R activado,R11 (Ruta B),no,condicionado a Ruta B
set_footprint_ref,extension,R,R12,activado,1,21-set-footprint-ref.md,R activado,R12 (Ruta A),no,condicionado a Ruta A
set_footprint_ref,extension,R,R13,no_evaluado_o_na,,21-set-footprint-ref.md,(ninguna),ausencia declarada,no,
set_footprint_ref,extension,R,R14,no_evaluado_o_na,,21-set-footprint-ref.md,(ninguna),ausencia declarada,no,
